{
  "metadata": {
    "device": "cuda",
    "gpu": "NVIDIA GeForce RTX 4070 Ti SUPER",
    "pytorch": "2.8.0+cu128",
    "steps": 50,
    "batch_size": 8
  },
  "configs": [
    {
      "name": "Fixed cutoff",
      "eager_median": 0.028989613987505436,
      "compiled_median": 0.01645492692478001,
      "compile_time": 9.472618945874274,
      "n_batches": 12
    },
    {
      "name": "Adaptive cutoff (16)",
      "eager_median": 0.03045137203298509,
      "compiled_median": 0.01591076049953699,
      "compile_time": 6.53245290601626,
      "n_batches": 12
    }
  ]
}