{
  "eager_single": {
    "median_ms": 28.143333736807108,
    "mean_ms": 28.36264156115552,
    "std_ms": 0.5642320794088431
  },
  "compiled_single": {
    "median_ms": 16.51972020044923,
    "mean_ms": 16.606858077769477,
    "std_ms": 1.2297198973769357,
    "compile_time_s": 9.302672719117254
  },
  "eager_ddp": {
    "median_ms": 70.1211045961827,
    "mean_ms": 71.51309351126353,
    "std_ms": 9.764761550641792
  },
  "compiled_ddp": {
    "median_ms": 198.96265887655318,
    "mean_ms": 198.28354376368225,
    "std_ms": 8.678278372625373,
    "compile_time_s": 27.861692579928786
  },
  "metadata": {
    "device": "cuda",
    "gpu": "NVIDIA GeForce RTX 4070 Ti SUPER",
    "pytorch": "2.8.0+cu128",
    "steps": 30,
    "warmup": 5,
    "batch_size": 8
  }
}